"","curveID","J_ref","J_ref_SE","J_ref_var","E","E_SE","E_var","E_D","E_D_SE","E_D_var","T_opt","T_opt_SE","T_opt_var","Topt_ED_cov","Topt_ED_cor","Amax","AIC","r_sq","breadth_90"
"1",6,85.9730096640396,8.16452837272091,66.6595235489648,0.917005091780887,0.0379788066449418,0.00144238975417388,0.979583993972245,0.031700564710334,0.00100492580295407,30.8865663081997,0.176502839441443,0.031153252330892,0.00242028986879494,0.432562321866426,10.9589358760384,-499.366086702767,0.991039557062579,20
"2",7,17.1640644641362,0.554925164347648,0.307941938026265,0.220836484934984,0.0115848707140323,0.000134209229460844,0.724583392012664,0.0187851098621044,0.00035288035253133,27.7132861093285,0.0970429845975212,0.00941734085959474,0.00164822844580941,0.904147989275002,12.8943177556189,-497.745297204144,0.970116682042521,15
"3",8,11.7721477064293,0.0104135519681682,0.00010844206459374,0.256981981210584,0.00120088351349458,1.44212121298309e-06,6.54222706569229,0.45998407913412,0.211585353056865,35.8595781263448,0.0469838861803338,0.00220748556060656,-0.0121286233865211,-0.561202729635692,16.0717561431487,-316.944623291276,0.997651522577754,4.4
"4",9,15.3104345528698,0.025045527650814,0.000627278455307687,0.135022311675599,0.00208303509796621,4.33903521935911e-06,9.19478266605682,0.82121807038974,0.674399119134647,35.4549642323263,0.0872343538985281,0.00760983250009365,0.0634353775644324,0.885493715175104,18.0243913766682,326.338558145941,0.954016519916417,5.5
"5",10,7.90898551261977,0.00877803086001099,7.70538257793053e-05,0.185915936018188,0.00155403066137746,2.41501129650127e-06,2.68820587019786,0.0220559219603817,0.000486463693522449,32.4034439720058,0.0358737946490919,0.00128692914252522,0.000754855045489602,0.954027795453295,8.77237229709212,-844.139329429202,0.994726047066279,7.7
"6",11,18.9477817602282,0.254810517133821,0.0649283996420051,0.233512564404681,0.00748735212997964,5.60604419183106e-05,1.06728434668766,0.0186469298435493,0.00034770799259025,27.4779869132595,0.0707525804997322,0.00500592764737108,0.00124317490851547,0.942285731757827,15.9533092875222,-298.044225432817,0.981939498170582,11.3
"7",12,10.2146460969193,0.0139681658598923,0.000195109657489461,0.115258699424791,0.00241362169794282,5.8255697007804e-06,3.02275616982628,0.0901810794677081,0.00813262709396108,33.6415488904184,0.0809556354129721,0.00655381490511807,0.00698734528719969,0.957083192411153,11.1480936275289,-335.900292968386,0.951717325710962,9.5
"8",13,17.2893312034981,0.0345568563125286,0.00119417631820475,0.106461996853526,0.00235866444289743,5.56329795418863e-06,1.79806726895304,0.0285967612746021,0.000817774755396584,29.3710658529,0.0501344326656234,0.00251346133870392,0.00130489262885017,0.910168546747292,17.2689135879995,-518.857203415873,0.991209354667239,12.3
"9",14,8.87090019891397,0.0062144815323872,3.86197807163815e-05,0.10444013292984,0.000648804325216936,4.20947052420204e-07,14.6451981678561,2.955352556164,8.73410873122512,37.9755220323175,0.0615226399189086,0.00378503522259169,0.107008350929962,0.58853651276274,10.4342936096703,-601.049944268344,0.991466719655336,5.80000000000001
"10",15,17.3513445312596,15.5209365186844,240.899470417031,0.271160401518239,0.120301134492186,0.0144723629601069,0.272272464992456,0.0586912476302227,0.00344466254839212,397.415761657795,22717.7553670543,516096408.917323,-1318.96775604678,-0.989225763233122,24.8466536422734,-610.665825041191,0.996625046410182,NA
"11",16,9.551151183336,0.0216887573635656,0.000470402195975619,0.145224114703992,0.00239699389151562,5.7455797159632e-06,3.08536929806473,0.151404988236219,0.0229234704628095,32.7892337315587,0.0874498067038844,0.00764746869254674,0.0116891151267528,0.882841212142108,10.5098682448579,-222.144402844904,0.969655365297411,8.3
"12",17,11.0170311087046,0.0494255855378293,0.00244288850575728,0.176209846692103,0.00406812286531789,1.65496236473223e-05,1.83550370429548,0.0825485515596158,0.00681426336459055,32.8325543848738,0.0916295952706094,0.00839598272945568,0.00638951782569593,0.844739613280315,11.8701008432385,-142.647483078923,0.969502868299977,9.7
"13",19,13.8141839477607,0.0218931640868504,0.000479310633733755,0.151225065271488,0.00213068060208139,4.53979982808593e-06,2.79007693485299,0.0706175993443186,0.0049868453371547,32.9104583460827,0.0626387239437917,0.00392360973730654,0.00413989104492136,0.935907785318272,15.211504988637,-183.289889529521,0.976665810275884,8.4
"14",20,12.6954181650781,0.0893900826057904,0.00799058686827003,0.231680067628865,0.00508740328317088,2.58816721656179e-05,1.37882192999924,0.0359721407850771,0.00129399491266141,30.8569651427522,0.0578332695518967,0.00334468706706234,0.00175389228829181,0.843060785179481,12.565557773654,-441.092497504441,0.984253337875003,9.9
"15",21,13.694811790681,0.013534590696513,0.000183185145322136,0.0568249942729302,0.00121657314451436,1.48005021595355e-06,5.0696029381295,0.332405260823583,0.110493257423194,36.9913177083607,0.13622853061768,0.0185582125542521,0.0437157186917038,0.965387479138532,14.7498467565961,-151.803073845239,0.917146950226655,12.2
"16",22,10.7764939372887,0.0140046631139446,0.00019613058893508,7.05918191486734e-09,0.000372052149692073,1.38422802090493e-07,3.86467782082139,0.0302350515621785,0.000914158342967594,1.38749901639037,88602.7784578485,7850452350.45059,-451.540621074984,-0.16855388671975,10.776493663021,-194.66112407616,0.99731669007181,20.8
"17",23,11.8968347366959,0.0158265385351867,0.000250479322005751,0.0912380524857892,0.00273035221362572,7.45482321045086e-06,2.55819021484672,0.0317368453784175,0.00100722735457358,30.2696909638005,0.0522930362511097,0.00273456164035987,0.00115257836842498,0.694484967817097,12.2021450084362,-354.868257947752,0.994471682415463,11.4
"18",25,7.56553481100935,0.0139789125092802,0.000195409994942111,0.00951252665781372,0.00207095980504498,4.28887451411195e-06,6.99527722114733,0.200549346088541,0.0402200402165413,36.4351559276978,0.201824066993748,0.0407329540178969,0.00519569289186461,0.128365781467107,7.65924758473287,-222.049649759077,0.969450526424777,25.9
"19",26,12.0851205109775,0.0274822089515622,0.000755271808857327,0.0401371760283106,0.00413116562495278,1.70665294207915e-05,3.57389215133947,0.0691370957092248,0.0047799380031065,31.7762583622964,0.147603365997707,0.021786753653853,0.00143825723466805,0.140938347144759,12.3713882622185,216.799898926483,0.987429066220511,16.6
"20",27,8.42887880107795,0.0109096959857388,0.000119021466501245,0.119418555053465,0.00134049590685586,1.79692927629731e-06,2.34365419249706,0.0586729296232514,0.00344251267057501,33.2560824650735,0.0578862160885174,0.00335081401304653,0.00310266803540986,0.913529079286336,9.06631903413282,-917.523654794784,0.984520284120964,10.4
"21",28,18.7173743085451,0.357846436809368,0.128054072337161,0.350681300394494,0.0106701167342837,0.000113851391123241,1.09433666238333,0.0231063629989543,0.000533904011039443,30.440212937255,0.0818081902776107,0.00669257999649777,0.00153163496581915,0.810264655584975,16.2425993313217,55.7925858820611,0.977598011355251,10
"22",29,6.95674283235575,0.0048854063347603,2.38671950557161e-05,0.238131868316638,0.000951705612152234,9.05743572202059e-07,3.43600449310192,0.0356718570188594,0.00127248138317395,34.3834466042216,0.022176339618084,0.000491790038856602,0.000724873680603063,0.916319120060049,8.59001646523542,-1173.98118099349,0.9972965599116,6.1
"23",31,7.66614703918606,0.0186297584558001,0.000347067900121455,0.105332313570468,0.0029440257302481,8.66728750036285e-06,9.68210117784152,0.167871305529823,0.0281807752202872,35.467759319104,0.0556191341782939,0.00309348808674305,0.00871241654601988,0.933120948173151,8.71362143205374,198.748480103634,0.983291552646843,6.4
"24",32,9.75598072850286,0.00996235244831746,9.9248466304497e-05,0.0367854045300888,0.00156899653516774,2.46175012736839e-06,3.88244715845149,0.04675736239186,0.00218625093784372,31.6169729158198,0.0657358686484942,0.00432120442697209,0.0016224359942775,0.527855635043151,9.96856379266861,-435.614263018848,0.993765819785607,17.2
"25",33,8.03850410177778,0.00829687854911608,6.88381936587825e-05,0.0208382478844669,0.00136165806258274,1.85411267939657e-06,4.68679102316479,0.0903276816990535,0.00815909008112553,34.8142923898742,0.0958839897042119,0.00919373948159742,0.0051612731654777,0.595922639025554,8.21224268921114,-537.148648590172,0.984707772052873,25.2
"26",34,12.198115620453,0.0131104809285843,0.000171884710178771,0.0965203684348164,0.00196288562676748,3.85291998377037e-06,3.30010021008526,0.0436903627173368,0.00190884779437245,33.7827141305734,0.0540261601668298,0.00291882598237194,0.00213310341607599,0.903695582222382,13.1847571169168,-272.678301381378,0.991194993077429,10.1
"27",35,11.4982590360687,0.00812451503759246,6.6007744596066e-05,0.150669530647888,0.00157233181717653,2.47222734330563e-06,2.7385054691093,0.0252954184859831,0.000639858196381014,34.5892915320924,0.0324779107703471,0.00105481468800663,0.000778709229422529,0.947862559548774,13.0434172467069,-682.831521005513,0.995227785807383,8.59999999999999
"28",36,14.2222560169791,0.015413879427592,0.000237587679008344,0.00577828690813275,0.00173054739854466,2.99479429860969e-06,3.79937651417372,0.0555726743438458,0.00308832213372714,29.7664528969975,0.515034890395081,0.265260938324273,-0.0143428169440425,-0.501113967340685,14.2509535846938,-165.87680598078,0.99270006539047,22.4
"29",37,10.2239883664985,0.0753399033248841,0.00567610103300287,1.73710594429763e-05,0.0158010990242543,0.00024967473037429,2.78649590780582,0.182559920391902,0.0333281245334977,10.150895830532,2256.94219439606,5093788.06884531,-302.016356008492,-0.733001038013266,10.2235624316339,806.914116812776,0.919345937290238,17.8
"30",38,8.60933548832352,0.0128376444904768,0.000164805116063868,0.0594278473698745,0.00178581826274731,3.18914686756183e-06,3.7342204189193,0.0648170059010937,0.00420124425398242,32.1973241495886,0.082000185204129,0.00672403037351146,0.00474457083754717,0.892674514701176,8.94691079370366,-304.535062666105,0.984209060768874,12.7
"31",39,7.47979044670687,0.00348455719025763,1.21421388121762e-05,0.118776918440472,0.000630373204070668,3.97370376410319e-07,4.19912306368215,0.0323193658056091,0.00104454140607678,35.1590176649723,0.0254784183792445,0.000649149803107826,0.000797437219148226,0.968414329083921,8.46377513615091,-1297.9054695433,0.995489214526168,8.2
"32",40,7.23223848645201,0.00941507312064009,8.86436018669995e-05,0.0747077471082896,0.00161049977143952,2.59370951380674e-06,3.11811566147303,0.106319598898673,0.0113038571099746,34.1107250974055,0.108910102765113,0.0118614104843075,0.011173841720055,0.964986011522577,7.69437960824263,-591.226132423687,0.939368814222097,12
"33",41,11.0847365580175,0.0123618542222875,0.000152815439813087,0.0662047949616136,0.00158750666600489,2.52017741460997e-06,2.2671425391688,0.0314999241217845,0.000992245219678179,30.6857614922672,0.0589325637265916,0.00347304706738878,0.00156834940578774,0.84484683526276,11.2924900431227,-626.750950424268,0.991989501399635,14.4
"34",42,10.5164418120705,0.00835954213653256,6.98819447324634e-05,0.0880559094852983,0.00150847885820076,2.27550846563866e-06,3.2788983154335,0.0272714576036598,0.000743732399828216,32.4370290421503,0.0365133011713796,0.00133322116243187,0.000824273146040496,0.827773847280003,11.123956862602,-607.377614305895,0.996970989679962,10.6
"35",43,14.6855610049147,0.015113191989015,0.000228408572096827,0.0412622151253378,0.00153639480590145,2.36050899960097e-06,2.5130561559315,0.0335835591578867,0.00112785544571127,29.4528316905462,0.0670825825761468,0.00450007288508555,0.00124194243085201,0.551270776492657,14.7897510770262,-379.259303126759,0.994419900898498,18.1
"36",44,7.36409412466163,0.0305973682183523,0.000936198941889438,0.0508175581848703,0.00611682576185748,3.74155574009233e-05,3.98458122674339,0.145637049814018,0.0212101502785307,34.2169539192406,0.210017295686285,0.0441072644873806,0.0197234991790584,0.644847516562755,7.71428086856553,510.882051076962,0.940911129082257,13.9
"37",45,16.5290355408452,0.0335269880179125,0.00112405892555325,7.62419806606886e-05,0.00442531170323727,1.95833836708088e-05,2.71546165637456,0.0503974865898895,0.0025399066545781,11.3745928325775,148.765398053117,22131.1436579024,-5.73190236663705,-0.764518462441181,16.5262235194114,262.598684456124,0.992906251601447,17.1
"38",47,41.1469008153804,2.57196108730038,6.61498383458734,0.55624087879157,0.0230272121620532,0.000530252499956212,0.772556697970715,0.00930208863445821,8.65288529633166e-05,30.4531049619407,0.0612902173076891,0.00375649073762375,-0.000368136575743305,-0.645709734681122,16.9950477824747,-339.355999334073,0.990349473334145,14.8
"39",48,15.5091774733669,0.107514688668283,0.0115594082794379,0.193003975713343,0.00472226699351664,2.22998055580567e-05,1.40030086323361,0.0381341668760087,0.00145421468332728,29.5617620378371,0.0744319799764551,0.00554011964321541,0.00260291789261996,0.9170365260331,14.9737357820378,-231.142784926672,0.973381962938122,10.6
"40",49,10.2276230573204,0.0133854858710107,0.000179171232003026,0.177247473213233,0.0018204014852436,3.31386156747712e-06,4.98752366287069,0.189014715932329,0.0357265628389791,37.2890375438753,0.0569415001529959,0.00324233443967364,0.00970220089418754,0.901458504538162,12.9606492037885,-189.952460304521,0.985112399641693,6.10000000000001
"41",50,8.30581535080749,0.00755124626408764,5.70213201408976e-05,0.123076524334218,0.00142046015860813,2.01770706219303e-06,3.65071766859128,0.0373415195947854,0.00139438908564774,34.1706069450574,0.040770131841416,0.00166220365036644,0.0014409805755145,0.946507420887565,9.25870293473612,-669.673466408447,0.991423157097377,8.5
"42",51,12.0164402414499,0.0149230555756945,0.000222697587715265,0.0605977038503066,0.00222381189654073,4.9453393511961e-06,3.77780887955117,0.0463883406536701,0.00215187814860094,32.3862446746411,0.058297946376855,0.00339865055175866,0.00169179091115533,0.625582502859607,12.5172197947015,-176.799101980741,0.992924115444393,12.5
"43",52,12.2421166010238,0.00802610039138188,6.44182874925404e-05,0.0397786255479944,0.00141894641829836,2.01340893800174e-06,2.96889785817334,0.0331726429618353,0.0011004242410734,32.1589835754822,0.0519371349836454,0.0026974659903094,0.000682243404868918,0.395987323001796,12.5244894763879,-706.382095317176,0.997001802899092,17.8
"44",53,12.9659979680435,0.0170470255876576,0.000290601081386254,0.107239622915291,0.00190152941448643,3.61581411415712e-06,2.36524307275869,0.0436862331474533,0.00190848696661364,33.6566173895704,0.0727379964158718,0.00529081612259538,0.00302388046598962,0.951609318486567,13.9246851892206,-266.625553194633,0.978892694936215,11
"45",54,15.5906093514717,0.0276693258454092,0.000765591592739429,0.0595290869407795,0.00311678513517188,9.71434957882841e-06,2.38378277523331,0.0757774818524483,0.00574222675589813,32.3579919332301,0.131651992679458,0.0173322471764721,0.00856868547685043,0.858907896843254,16.0733876121916,118.947593699478,0.960740048089484,15.1
"46",55,16.1033837354973,0.0163456232681334,0.000267179400023744,0.146441363344569,0.00128181905951231,1.64306010132902e-06,2.05237848891545,0.0227474033142212,0.000517444357539842,33.2022239175408,0.0376239701445113,0.00141556312943508,0.000817158408795817,0.954794272582337,17.4189888208643,-576.359857093449,0.993524034714618,10
"47",56,14.2722143161048,0.0367729140386479,0.00135224720689379,0.0453884269637889,0.00505362892357301,2.55391652971737e-05,2.89880967976269,0.102111800865522,0.0104268198760001,32.6851063325016,0.183873095332442,0.0338093151871333,0.00902574737363739,0.480716524358383,14.6862383870834,408.959184105601,0.967433479421368,16.6
"48",57,11.2230263859008,0.00622037333506841,3.869304442763e-05,0.110782906470342,0.000842877865350358,7.10443095897576e-07,3.56993943029172,0.0355878936392324,0.00126649817367732,34.8954688480879,0.0329849046646553,0.0010880039357364,0.00113062000530115,0.963161575643519,12.4898041171098,-769.151161805209,0.993506980571561,9.1
"49",58,15.2809866671176,0.0123630918652359,0.000152846040468262,0.0640639359585059,0.00142190474804092,2.0218131125013e-06,3.3358574683394,0.056348799720366,0.00317518722992592,33.936964612353,0.0626303553670937,0.00392256141340845,0.00325780253267455,0.92311373113476,16.1151801368845,-312.082745822711,0.985894171831207,12.8
"50",59,15.2224037435407,0.0196122140959242,0.000384638941744367,0.0593217623445328,0.00215712620212254,4.65319345188363e-06,3.77174145729753,0.0787428778685349,0.006200440815019,34.9451718362441,0.0767050102914579,0.00588365860381267,0.00520058268870768,0.861027436244873,16.1419701005932,-62.6613799894216,0.98133067780544,12.9
"51",60,13.234754459125,0.0117633878090334,0.000138377292745717,0.0001337824319093,0.00182078911219293,3.31527299108033e-06,3.39856515363155,0.0609484926379962,0.00371471875484388,20.0213162161527,29.3985682309184,864.275814027964,-1.35680964371905,-0.757233419248773,13.2330636325085,-417.728060179168,0.994790205973815,20.2
"52",61,15.0777121144635,0.018196844621184,0.000331125154167512,0.0910043457153648,0.0014674393696598,2.15337830362754e-06,3.38679897532969,0.0775488753656396,0.0060138280704755,31.7765838609659,0.0681979289531297,0.00465095751349613,0.0050959932558467,0.963567524796043,15.8738423766844,-228.339642147839,0.966330677863846,10.2
"53",62,12.0724327375121,0.0439934770811368,0.00193542602568851,0.200765798478554,0.0037646592978966,1.41726596292393e-05,1.76910179877325,0.0584811293012321,0.00342004248434742,33.700727548729,0.067430249656487,0.00454683856873617,0.00321724443119202,0.815856052446546,13.3560435430093,-215.21171510205,0.981982086282479,9.3
"54",63,7.74560318912261,0.00769724587974231,5.92475941332099e-05,0.110042245072097,0.00127284899587104,1.62014456628993e-06,4.74867244524059,0.121548757710695,0.0147741005010132,35.3456045777892,0.063725108857224,0.00406088949886505,0.00747160335172311,0.964612083060412,8.73440116777553,-600.565782961532,0.968251123740059,8.09999999999999
"55",64,147.934225287158,29.3554016829408,861.739607966807,0.957669784565162,0.0851287556338336,0.00724690503576497,0.971899840994545,0.0787496751641142,0.0062015113384535,38.6557583753217,1.88310025892015,3.54606658514515,0.12857378481515,0.867022193177314,11.076391188489,-454.527101049289,0.971069173066301,20.6
"56",65,8.69904163207409,0.0123519568272078,0.000152570837461205,0.126714124495109,0.00191337779879679,3.66101460092845e-06,3.25888858428372,0.0727615501423259,0.00529424317911421,34.3427960257909,0.0769174357974363,0.00591629192965273,0.0053929231859689,0.9636015588191,9.71196502032692,-323.526575485517,0.964116678691637,8.7
"57",66,15.3479035889368,0.0573450782874948,0.00328845800379891,0.125936162723234,0.00351644986628476,1.23654196620941e-05,1.63507528363005,0.0325263732733954,0.00105796495832025,29.166245048635,0.0760888747660487,0.00578951686316345,0.00227706558017155,0.920065477111767,15.1554261145599,-194.17137682014,0.980723727334941,11.8
"58",67,9.75145519970346,0.00812319677624771,6.59863258656412e-05,0.157805851368924,0.00140667918209028,1.97874632132619e-06,3.01744521430922,0.104855392725857,0.0109946533836938,37.2032132998078,0.0383690205468567,0.00147218173772511,0.00285174447360039,0.70882515966189,11.7650801268289,-682.508175114688,0.99388610334494,8.3
"59",68,10.8651185970324,0.00782861208875597,6.12871672362161e-05,0.0614478928339151,0.00115592065899314,1.33615256988713e-06,3.05013074782158,0.059424433660559,0.00353126331587818,33.0935152014882,0.0677355956421252,0.00458811091699349,0.00384703910479589,0.955750635126965,11.3406535733709,-719.643159819916,0.981315997411887,13.5
"60",69,10.8377800966011,0.0114514291477725,0.000131135229526453,0.08118771464537,0.00185166676914856,3.42866982396905e-06,2.82589170811616,0.0889336894485512,0.00790920111893135,34.7494512659499,0.0931496662387732,0.00867686032039484,0.00794824867332303,0.959453283659639,11.633803742924,-424.553719576863,0.946278657328417,12
"61",70,18.178349977865,0.0278228989831868,0.000774113707828615,0.0452790402271182,0.00264307988083253,6.98587125646172e-06,2.54988903530497,0.0373358980927608,0.00139396928639302,28.8068734729039,0.0947154613130521,0.00897101861174427,0.000679526968654099,0.192158330162828,18.2565889412506,61.4393343943202,0.99370325970887,17
"62",71,21.6857625141722,0.0730870056310431,0.00534171039211212,0.111309499468246,0.00443935796517554,1.97078991429675e-05,1.56664106552024,0.0256159286275011,0.000656175799449228,28.6247182126595,0.0588990179626341,0.00346909431696269,0.000900070830407775,0.59656604250658,21.2207007920505,-87.2544752197067,0.994355145468862,12.8
"63",72,11.9255848990317,0.0222422982782019,0.000494719832696504,0.0064124179602124,0.00340791848501121,1.16139084004811e-05,2.55814125569992,0.0604111944049294,0.00364951240943018,24.0031999041964,1.29193750281977,1.66910251119218,-0.0522845376847578,-0.669906735815449,11.8857392693454,-48.3639415927268,0.988710369052,20.3
