"curveID","J_ref","J_ref_SE","J_ref_var","Ea_A","Ea_A_SE","Ea_A_var","Ed_A","Ed_A_SE","Ed_A_var","Topt","Topt_SE","Topt_var","Topt_EdA_cov","Topt_EdA_cor","Amax","AIC","r_sq","Tbreadth","id","Tleaf_min","Tleaf_max","gsw_mean_above30","z","CTmax_1min","T50","id_original","id_was_corrected","Ea_PSII","lnA_PSII","site","tree","collection_date","collector","species","location","long","lat","transplant_date","status","block","within_block_position","treatment","BIO1","BIO2","BIO3","BIO4","BIO5","BIO6","BIO7","BIO8","BIO9","BIO10","BIO11","BIO12","BIO13","BIO14","BIO15","BIO16","BIO17","BIO18","BIO19","elev_m"
6,77.2243469880319,5.88602668869266,34.6453101800023,0.880464761552963,0.0298855362371682,0.000893145276183094,0.94811464961595,0.0243722575675794,0.00059400693894043,31.1325763615889,0.144375177081709,0.0208441917573747,0.00160838377612236,0.457089657465376,10.9906035625388,-623.54555598639,0.994457817479902,NA,"S10T10P01",12.1470464285714,37.1761740740741,0.152710070778628,1.28731775788899,44.2762436457275,42.971304352626,"S10T10P01",FALSE,162.629644878957,58.4619217531626,10,10,"0/05/2023","BRY","hedraia","Falls Creek/Bogong",147.2955856,-36.87176213,"5/14/2024","alive","3","B2","cold",6.34166669845581,8.60000038146973,38.5650215148926,507.094360351562,19,-3.29999995231628,22.2999992370605,0.149999976158142,12.5833330154419,12.5833330154419,0.149999976158142,1623,194,77,26.7793922424316,531,277,277,531,1591.98254394531
7,16.3165349261726,0.396625214147382,0.157311560497457,0.203911122729764,0.00920040858182462,8.4647518072512e-05,0.765438728871803,0.019620729148121,0.000384973012303925,27.6531938074812,0.0877179030674252,0.0076944305185462,0.00157886493298862,0.91736379317813,12.837526183117,-549.681161724884,0.975043811315302,14.8,"S10T03P04",13.5912,38.7163333333333,0.148954891038232,1.78336362782028,45.9239165636603,43.0584145734547,"S10T03P04",FALSE,246.000875714393,89.0099293050016,10,3,"0/05/2024","BRY","hedraia","Falls Creek/Bogong",147.3045634,-36.72356214,"5/8/2024","alive","3","C14","cold",7.05416679382324,8.125,37.2706413269043,499.497283935547,19.3999996185303,-2.40000009536743,21.7999992370605,1.03333330154419,13.2666664123535,13.2666664123535,1.03333330154419,1582,179,74,25.5976619720459,506,267,267,506,1734.21838378906
9,15.4140531057356,0.0244071897172305,0.000595710909892885,0.138606187460863,0.00200087728145806,4.00350989545499e-06,9.46973968828627,0.874205309585553,0.764234923307573,35.5617396804849,0.0828894928729403,0.00687066802873321,0.0626408572807003,0.864459736583285,18.2660831743129,308.804824313695,0.959907453425803,5.4,"S05T01P01",15.77645,37.8096,0.414333886309749,3.44846445623313,50.1121322004454,NA,"S05T01P01",FALSE,258.943891478399,93.1213016863075,5,1,"2/9/2024","ZAR + BRY","lacrimans","Long Plain",148.5524946,-35.6802018,"5/7/2024","alive","spare",NA,NA,8.23750019073486,11.5749998092651,45.3921585083008,514.852661132812,22.2999992370605,-3.20000004768372,25.5,2.61666679382324,12.3333330154419,14.4833335876465,1.81666672229767,1211,140,63,23.1832885742188,386,216,238,379,1345.40161132812
10,8.00904040398942,0.00842076382810625,7.09092634487426e-05,0.192129602973572,0.00148279729092733,2.19868780598144e-06,2.69952731984713,0.0220074690551747,0.000484328694214472,32.7123785721246,0.0344572551173827,0.00118730243022439,0.00072492867397315,0.955970520484369,8.98216613077,-861.453105179176,0.994745522844627,7.6,"S10T02P04",15.0757666666667,41.3260333333333,0.113571601892294,2.50105095621087,45.5162826325669,38.8137675406518,"S10T02P04",FALSE,159.380220863807,56.5528383740147,10,2,"0/05/2023","BRY","hedraia","Falls Creek/Bogong",147.295,-36.7132,"5/6/2024","alive","5","F5","cold",8.06666660308838,8.65000057220459,38.7892379760742,495.866271972656,20.6000003814697,-1.70000004768372,22.3000011444092,2.06666660308838,14.216667175293,14.216667175293,2.06666660308838,1436,161,66,26.7405071258545,466,241,241,466,1436.73229980469
11,19.214929138456,0.247210703466306,0.0611131319083061,0.24369216191155,0.00706326536490577,4.98897176150774e-05,1.05094474968335,0.0168973600309509,0.000285520776015578,27.8114590056801,0.0650160993013772,0.00422709316836654,0.00103328917030815,0.940550481181484,16.1263765427251,-356.07624909644,0.983608189452369,11.3,"S12T03P04",14.8959296296296,38.9292107142857,0.234246556972902,3.25873614084046,49.6531935049684,NA,"S12T03P07",TRUE,274.244647714337,99.2875233021022,12,3,"5/29/2020","MON","pauciflora","Armidale",151.7523055,-30.18836987,"5/6/2024","alive","4","F6","cold",11.8249998092651,11.8500003814697,48.5655708312988,478.351806640625,24.2000007629395,-0.200000002980232,24.4000015258789,17.5,5.68333339691162,17.5,5.68333339691162,921,131,47,35.875316619873,348,151,348,151,1324.30590820312
12,10.2898079779849,0.0120402609086986,0.000144967882749535,0.12197167154269,0.00206718785462221,4.27326562629757e-06,2.93224785160493,0.0753772864961942,0.00568173531952935,33.7816338151562,0.0667966523652543,0.00446179276720463,0.0048011143940765,0.953557435612851,11.2960369761963,-460.700328808184,0.967265763305729,9.3,"S05T05P12",17.7330333333333,40.0711,0.222747487024723,2.52365644996711,47.6270276513442,42.8086476323587,"S05T05P12",FALSE,198.944825063116,70.9133688021833,5,5,"2/9/2024","ZAR + BRY","lacrimans","Long Plain",148.5753374,-35.63213532,"5/1/2024","alive","2","C16","cold",8.13333320617676,11.0166664123535,44.2436408996582,513.92578125,21.7999992370605,-3.09999990463257,24.8999996185303,2.5,12.2166662216187,14.3833332061768,1.73333323001862,1171,137,63,22.3808460235596,370,214,231,364,1366.77880859375
13,17.2337662371987,0.0346485886879727,0.00120052469806831,0.103843254382669,0.002444457017724,5.9753701115001e-06,1.85016172258199,0.0309564548723046,0.000958302098261031,29.382618214853,0.0533564324882214,0.00284690888787013,0.00149720559006205,0.90644912962308,17.2470303699574,-462.377604067367,0.990219862988836,12.3,"S12T02P01",17.5982333333333,39.1417333333333,0.268521742492081,3.88721803929479,47.7469438049666,40.8535585698128,"S12T02P01",FALSE,225.895150619483,81.7297990664801,12,2,"5/29/2020","MON","pauciflora","Armidale",151.7505972,-30.34999098,"5/8/2024","alive","4","D6","cold",12.283332824707,11.5500001907349,47.3360633850098,483.050598144531,24.7000007629395,0.300000011920929,24.4000015258789,18.0166664123535,6.06666660308838,18.0166664123535,6.06666660308838,845,119,41,36.8704605102539,321,135,321,135,1229.76293945312
14,8.99031839623242,0.00479692811900241,2.3010519378876e-05,0.110540097159558,0.000491537395433901,2.41609011109943e-07,15.6578653906161,2.73348264538151,7.47192737260191,38.0756852686525,0.044559583153804,0.00198555645084077,0.0504290679420216,0.414022078188077,10.6949011887527,-780.048214115441,0.995573666614178,NA,"S06T02P29",11.4724222222222,38.8709111111111,0.102350073785734,3.34755252095326,48.3523806579381,44.5145053469951,"S06T02P29",FALSE,234.81257437355,85.6494003495199,6,2,"2/9/2024","ZAR + BRY","pauciflora","Long Plain",148.6445585,-35.60294304,"5/7/2024","alive","2","B4","cold",8.42500019073486,11.6333332061768,45.4427070617676,515.917114257812,22.3999996185303,-3.20000004768372,25.6000003814697,2.81666660308838,12.5,14.6999998092651,2,1077,120,62,18.9415454864502,326,207,221,320,1313.17736816406
16,9.60479513593175,0.0221142344399159,0.000489039364863562,0.150383826734526,0.00237630055188863,5.64680431290618e-06,2.86967919856143,0.138002208095954,0.0190446094393591,32.8326564263946,0.0799014673571724,0.00638424448582929,0.00934005773991846,0.847049461406953,10.5721273883401,-269.93287152934,0.97538494478338,8.3,"S07T09P05",12.541537037037,37.2287892857143,0.204235393877157,5.04770938667933,50.3026596664708,43.1075938673291,"S07T09P05",FALSE,341.246715059989,125.553106611839,7,9,"2/17/2024","ZAR + BRY","pauciflora","Namadgi, Mt Franklin Road",148.7854164,-35.41904123,"5/8/2024","alive","4","C15","control",9.00416660308838,10.3416662216187,42.7341575622559,506.015899658203,22.1000003814697,-2.09999990463257,24.2000007629395,5.5,15.1166667938232,15.1666669845581,2.76666665077209,1010,107,64,15.422116279602,296,210,211,281,1297.65063476562
17,11.3560265002709,0.0683881791036508,0.00467694304111302,0.19581228118123,0.00482444480110486,2.32752676389077e-05,1.57713582389707,0.0732720275415626,0.00536879002005151,33.0401328041222,0.0821750838166715,0.00675274440027699,0.00440943325292342,0.732325923521311,12.1489737015309,-165.570897948918,0.976523325418689,10.1,"S07T08P02",13.3465,38.8001333333333,0.186220575245647,3.10161815031209,48.4653121930583,43.0303190659093,"S07T08P02",FALSE,248.534852993131,90.4759542232072,7,8,"2/17/2024","ZAR + BRY","pauciflora","Namadgi, Mt Franklin Road",148.7965021,-35.40486114,"5/13/2024","alive","3","D4","cold",9.54583358764648,10.6916666030884,43.4620628356934,506.581512451172,22.7999992370605,-1.79999995231628,24.5999984741211,6.08333349227905,15.6499996185303,15.716667175293,3.28333330154419,1015,108,63,15.8454093933105,297,210,210,285,1265.83581542969
19,13.9440622593374,0.0214646463600453,0.000460731043361804,0.157041072567687,0.00205755286966062,4.23352381144867e-06,2.73088790638942,0.0683727914858685,0.00467483861557005,33.0674027152086,0.058458622279181,0.00341741051877996,0.0037036069743081,0.926601514976437,15.4376562326404,-219.509599986349,0.980927894602642,8.4,"S09T05P02",15.1737333333333,39.2142666666667,0.321916325131312,3.377348607278,47.7673693525649,43.1148562983158,"S09T05P02",FALSE,242.206578826289,88.5518171886408,9,5,"0/05/2023","BRY","acerina","Baw Baw Plateau",146.3108803,-37.83274204,"5/8/2024","alive","1","A12","cold",6.82916641235352,6.90833330154419,36.7464561462402,442.243530273438,17.7999992370605,-1,18.7999992370605,1.73333334922791,12.4666662216187,12.4666662216187,1.56666660308838,1515,173,65,27.1176776885986,498,243,243,479,1498.89697265625
20,12.5648499087841,0.0815593035939824,0.00665192000273539,0.226173167317564,0.00482234143633283,2.32549769285726e-05,1.42136764350491,0.0359445834845373,0.00129201308187687,30.7087017457907,0.0580195645407826,0.00336626986950203,0.00179813999393109,0.862215012292255,12.4650353769125,-447.155674404032,0.98361885878925,9.8,"S13T07P01",14.7988333333333,37.9014666666667,0.396934135096518,3.66935706604986,47.3781345237041,43.9224908123313,"S13T07P01",FALSE,217.120465225633,78.677935044168,13,7,"7/2/2020","MON","pauciflora","Goulburn",149.6971203,-34.31560506,"5/8/2024","alive","5","E16","cold",12.1041669845581,12.4916667938232,47.6781158447266,511.301635742188,26.2000007629395,0,26.2000007629395,16.8666667938232,9.21666717529297,18.4166660308838,5.76666641235352,808,86,60,11.0807971954346,221,181,213,195,878.23974609375
21,13.9601905809002,0.0135258012646549,0.000182947299850941,0.0697417367874806,0.00123065360076795,1.51450828508311e-06,4.5110608208075,0.320602935873695,0.102786242490832,37.3431589538635,0.119028563075213,0.01416779882775,0.0354683186430316,0.929441191017733,15.3099793937966,-170.414070148225,0.95174952524556,11.1,"S06T01P06",15.3310333333333,40.9846666666667,0.21489556876973,1.39851386614188,45.3184375683585,44.7418348198386,"S06T01P06",FALSE,255.803760812174,93.1180125457481,6,1,"2/9/2024","ZAR + BRY","pauciflora","Long Plain",148.6428842,-35.60067096,"5/7/2024","alive","5","C1","cold",8.42500019073486,11.6333332061768,45.4427070617676,515.917114257812,22.3999996185303,-3.20000004768372,25.6000003814697,2.81666660308838,12.5,14.6999998092651,2,1077,120,62,18.9415454864502,326,207,221,320,1378.4775390625
22,10.8556264784309,0.0129894402156877,0.000168725557116924,0.00548197139114434,0.00193821532879987,3.75667866079481e-06,3.84245840966777,0.0335650856791781,0.00112661497665056,26.3379438159675,0.639890094717026,0.409459333316965,-0.0103772643234912,-0.483158619108647,10.850473568731,-261.813458241349,0.997687692475958,NA,"S14T03P09",17.8511333333333,43.6177666666667,0.0847790814293417,5.70974054414282,51.0058469396045,42.8697720487728,"S14T03P04",TRUE,263.094939742851,95.8221693246312,14,3,"2/14/2021","MON","pauciflora","Kosciuszko",148.607773,-36.196721,"5/8/2024","alive","spare",NA,NA,8.75,10.966667175293,44.2204322814941,501.479644775391,22.2999992370605,-2.5,24.7999992370605,8.0833330154419,14.8166666030884,14.8666667938232,2.54999995231628,1064,112,66,13.8179807662964,316,228,230,269,1317.79016113281
23,11.7775665135485,0.0149789874446558,0.000224370064867156,0.0770055606037312,0.00263706500832498,6.95411185813204e-06,2.73751326718464,0.0341236973046193,0.00116442671773728,30.1608373906452,0.0559012517232768,0.00312494994422916,0.00114071857828611,0.597999610716283,12.0449449727499,-328.886308578203,0.994570698029795,12.2,"S09T07P01",19.3436666666667,41.5996666666667,0.33128000826447,5.9618956794236,48.9940072630524,35.4853291071763,"S9T07P01",TRUE,307.089827158435,113.212929103657,9,7,"0/05/2023","BRY","acerina","Baw Baw Plateau",146.3252066,-37.83214933,"5/6/2024","alive","4","A10","cold",7.65000009536743,7.23333358764648,37.8708572387695,435.879486083984,18.7999992370605,-0.300000011920929,19.0999984741211,2.65000009536743,13.1999998092651,13.1999998092651,2.45000004768372,1361,147,62,23.5064353942871,427,231,231,410,1397.79711914062
25,7.61343344282362,0.0135100877905868,0.000182522472109362,0.0164115016894956,0.00200457919583715,4.01833775238313e-06,6.77467594941878,0.187991102061919,0.0353406544544548,36.9317732378935,0.129558220842428,0.0167853325878554,0.0124862004052492,0.512658345805134,7.78392349781029,-246.581853449036,0.9696128136248,NA,"S13T10P03",19.9780333333333,44.0187333333333,0.134015046422487,0.145890805390531,42.2398498550168,42.8235543875516,"S13T10P03",FALSE,224.995566081627,81.7031212904594,13,10,"7/2/2020","MON","pauciflora","Goulburn",149.8065881,-34.45721939,"5/7/2024","alive","4","F10","cold",11.9166669845581,12.1333332061768,47.5816955566406,492.984130859375,25.7000007629395,0.200000002980232,25.5,17.6833343505859,6.69999980926514,18,5.78333330154419,851,87,61,9.91168880462646,233,194,219,198,882.066650390625
26,12.0883109165384,0.0272626189169967,0.000743250390213386,0.0398553832680432,0.00403344167836683,1.62686517727866e-05,3.63178649803411,0.0697904693181555,0.0048707096076484,31.9177660276388,0.144399423603249,0.0208511935369504,0.00161132043665452,0.159889644486218,12.3835571178596,211.163055704577,0.98746425008559,NA,"S14T04P02",20.74435,44.1127333333333,0.224744390453143,2.98416321188656,46.839173322185,40.3841250497316,"S14T04P02",FALSE,233.282317899839,84.0043892940285,14,4,"2/14/2021","MON","pauciflora","Kosciuszko",148.614017,-36.190743,"5/7/2024","alive","1","G15","cold",9.20416641235352,11.625,45.5882339477539,503.277709960938,23.1000003814697,-2.40000009536743,25.5,8.56666660308838,13.1499996185303,15.3500003814697,2.96666669845581,926,96,60,13.2931938171387,276,203,210,226,1268.56896972656
27,8.63471533592774,0.0105612810055526,0.000111540656478245,0.133215447461685,0.00122163509218093,1.49239229844792e-06,2.16217631756072,0.0499189224692758,0.00249189882049357,33.7700953543624,0.0435978068860301,0.00190076876527157,0.001833008046593,0.842237406255189,9.39625944306449,-1054.58307706878,0.991976884559201,10.3,"S10T01P01",13.2052612903226,39.2374111111111,0.160599819284628,3.39319154538533,49.8207709065299,42.9989586704952,"S10T01P01",FALSE,299.912815970323,107.937640052984,10,1,"0/05/2023","BRY","hedraia","Falls Creek/Bogong",147.3004725,-36.71987474,"5/8/2024","alive","5","E3","cold",7.05416679382324,8.125,37.2706413269043,499.497283935547,19.3999996185303,-2.40000009536743,21.7999992370605,1.03333330154419,13.2666664123535,13.2666664123535,1.03333330154419,1582,179,74,25.5976619720459,506,267,267,506,1583.98620605469
28,19.3443917737763,0.388660104373572,0.151056676731676,0.369744724739958,0.0108712809056833,0.000118184748530275,1.06093879759687,0.0204356439270449,0.000417615542712965,30.673142462096,0.0755728088789227,0.00571124944185018,0.00118014007197741,0.764151844970583,16.4866148140233,21.7247614877744,0.981780733832238,10.1,"S14T05P07",13.74414,39.2773214285714,0.225723771390571,2.11159358288835,47.4894806644306,44.7867817284266,"S14T05P07",FALSE,217.174094740782,77.5216425446282,14,5,"2/14/2021","MON","pauciflora","Kosciuszko",148.616095,-36.185657,"5/7/2024","alive","3","E16","cold",9.20416641235352,11.625,45.5882339477539,503.277709960938,23.1000003814697,-2.40000009536743,25.5,8.56666660308838,13.1499996185303,15.3500003814697,2.96666669845581,926,96,60,13.2931938171387,276,203,210,226,1211.25463867188
29,6.87797080148777,0.00387620407095677,1.50249579997018e-05,0.234058971506179,0.000763611100362939,5.83101912597498e-07,3.5483305930454,0.0306865195104972,0.000941662479668126,34.4447536511796,0.0183299550432737,0.000335987251888434,0.000517147555892605,0.919401998621109,8.49707080717,-1348.52838396254,0.99814316078431,6,"S07T07P18",14.0964925925926,39.424737037037,0.171117289437985,NA,NA,43.9899139909349,"S07T07P18",FALSE,166.617292787335,58.2091229974267,7,7,"2/17/2024","ZAR + BRY","pauciflora","Namadgi, Mt Franklin Road",148.7958075,-35.40021858,"5/1/2024","alive","4","E7","cold",9.54583358764648,10.6916666030884,43.4620628356934,506.581512451172,22.7999992370605,-1.79999995231628,24.5999984741211,6.08333349227905,15.6499996185303,15.716667175293,3.28333330154419,1015,108,63,15.8454093933105,297,210,210,285,1232.10192871094
31,7.62565973265152,0.01786857819431,0.00031928608668617,0.100031724220578,0.00280501779138569,7.86812480999024e-06,10.306856201179,0.174201357449075,0.0303461129371003,35.6159429302715,0.0526790647345994,0.00277508386131211,0.00855040857838817,0.931745442343797,8.63295848890003,164.766795073584,0.984755322998758,6.5,"S06T05P24",16.8804,40.9937333333333,0.178151140220221,0.824246040025458,44.8438168198343,42.9476148029903,"S06T05P24",FALSE,289.531876996596,104.837072376363,6,5,"2/9/2024","ZAR + BRY","pauciflora","Long Plain",148.6387252,-35.5979197,"5/7/2024","alive","spare",NA,NA,8.01249980926514,11.2749996185303,44.7420654296875,514.548034667969,21.8999996185303,-3.29999995231628,25.1999988555908,2.41666650772095,14.2166662216187,14.283332824707,1.63333320617676,1101,124,64,19.380443572998,335,212,224,327,1424.67797851562
32,9.84291456280241,0.0294504712261307,0.00086733025544115,0.0425523603428522,0.00462526687558914,2.13930936704221e-05,3.81488848299479,0.135184292946042,0.0182747930593212,31.8214301296998,0.180030100506995,0.0324108370885586,0.0152770680582512,0.627723887320255,10.100335733113,330.836111292523,0.946844759220292,15.6,"S09T08T01",17.2656666666667,41.8127333333333,0.120846750755636,3.46614506299238,49.3729816861417,42.1551318745731,"S09T08P01",TRUE,317.629033435163,115.582938649406,9,8,"0/05/2023","BRY","acerina","Baw Baw Plateau",146.3203746,-37.83450343,"5/8/2024","alive","3","F12","cold",7.03749990463257,6.94166660308838,36.9237594604492,440.026458740234,18,-0.800000011920929,18.7999992370605,1.98333334922791,12.6499996185303,12.6499996185303,1.79999995231628,1477,167,64,26.3092250823975,480,239,239,461,1449.89587402344
33,8.17375633497406,0.00746516595934489,5.57287028005617e-05,0.0359966545836534,0.00122444456112076,1.49926448325822e-06,4.44919501280391,0.0798749233820864,0.00638000338529418,35.6464499786781,0.0747289005351987,0.00558440857519962,0.00514836844985669,0.86252277795539,8.50874582172531,-613.999948604535,0.984457495286267,17.2,"S13T02P07",18.3761333333333,43.4996333333333,0.15569710682469,4.56883813019445,51.8083507693061,44.7012304076826,"S13T02P07",FALSE,284.847084073954,102.314435054419,13,2,"7/1/2020","MON","pauciflora","Goulburn",149.335594,-34.37183799,"5/8/2024","alive","1","E10","cold",12.7041664123535,12.7416667938232,47.5435333251953,522.804748535156,27,0.200000002980232,26.7999992370605,9.30000019073486,16.783332824707,19.1666660308838,6.26666641235352,765,78,49,16.8811836242676,229,151,181,209,760.426147460938
34,12.2494224193403,0.039837941875385,0.00158706161286656,0.101667869959712,0.00595945659521163,3.55151229102113e-05,3.28108179841838,0.131227094043067,0.0172205502109879,33.8800686003547,0.161389904291803,0.0260467012073174,0.0193310321645329,0.91275699037977,13.3086729714932,515.92403194184,0.922989209301229,9.8,"S05T03P06",19.2570666666667,42.7122333333333,0.243534463934994,1.64658019253264,47.2772247604883,46.2099204362376,"S03T03P06",TRUE,NA,NA,5,3,"2/9/2024","ZAR + BRY","lacrimans","Long Plain",148.5627147,-35.66286329,"5/1/2024","alive","spare",NA,NA,8.06666660308838,11.3833332061768,44.9934120178223,514.862426757812,22,-3.29999995231628,25.2999992370605,2.43333339691162,14.283332824707,14.3333330154419,1.66666662693024,1203,139,64,22.4791240692139,379,219,236,372,1374.47106933594
35,11.4666172227008,0.00949467524477047,9.01488580036571e-05,0.145733274247828,0.0017802828109297,3.16940688689175e-06,2.85969525872501,0.03066427076125,0.000940297501319253,34.6666242350774,0.0379430686225711,0.00143967645649714,0.00110169369217772,0.946881803256868,13.0033627662681,-559.930379694619,0.993573095862293,8.7,"S12T05P09",20.7341,42.7154333333333,0.259731128119147,1.71773844037717,47.0318775238976,45.1951026376129,"S12T05P09",FALSE,175.362773467427,61.091017151007,12,5,"5/29/2020","MON","pauciflora","Armidale",151.8763137,-30.13955858,"5/13/2024","alive","2","E6","cold",11.7624998092651,10.6416664123535,46.4701614379883,461.770935058594,23.2999992370605,0.400000005960464,22.8999996185303,17.2333335876465,5.81666660308838,17.2333335876465,5.81666660308838,954,143,43,40.359203338623,377,141,377,141,1324.46252441406
36,14.39526422596,0.0136617426160925,0.000186643211308357,0.0216148044322586,0.00155622611729024,2.42183972813624e-06,3.59361190141898,0.0493128547277785,0.00243175764140298,32.3230894991091,0.102671514988368,0.0105414399900067,0.000383171024576464,0.0756802477740915,14.6000973013028,-254.002069217087,0.992946901376205,NA,"S10T07P07",20.1374333333333,43.6460333333333,0.271385670629305,1.06867799901795,45.94262727695,45.1431142230451,"S10T07P07",FALSE,NA,NA,10,7,"0/05/2023","BRY","hedraia","Falls Creek/Bogong",147.284648,-36.77091069,"5/8/2024","alive","3","G3","cold",7.32499980926514,8.26666641235352,37.575756072998,501.450164794922,19.7000007629395,-2.29999995231628,22,1.23333334922791,13.533332824707,13.533332824707,1.23333334922791,1470,173,70,25.3304977416992,470,254,254,470,1467.08923339844
38,8.73871335211686,0.0121538881534013,0.000147716997245389,0.0677262929098325,0.00167278929289734,2.79822401843197e-06,3.72896452675498,0.0621577851718747,0.00386359025747292,32.5746294725074,0.075838418626619,0.00575146573978631,0.00434061970724123,0.920803450735545,9.15887825949679,-339.519108719259,0.984387704056793,11.8,"S06T05P27",14.06925,41.4393111111111,0.0723663073815245,2.17030448892095,48.2907452108919,45.0920626699451,"S06T05P27",FALSE,623.022889482149,231.157114807804,6,5,"2/9/2024","ZAR + BRY","pauciflora","Long Plain",148.6387252,-35.5979197,"5/7/2024","alive","spare",NA,NA,8.01249980926514,11.2749996185303,44.7420654296875,514.548034667969,21.8999996185303,-3.29999995231628,25.1999988555908,2.41666650772095,14.2166662216187,14.283332824707,1.63333320617676,1101,124,64,19.380443572998,335,212,224,327,1424.67797851562
39,7.51596278968639,0.00295663734982889,8.74170441840318e-06,0.122163246934092,0.000528703079929557,2.79526946726999e-07,4.29432164325558,0.028737465513797,0.00082584192415667,35.3688552035112,0.0214204406716585,0.000458835278568043,0.00059648480387002,0.968997194800657,8.56703332939692,-1429.36584574974,0.99671354625166,7.9,"S09T06P13",15.6824766666667,41.2699148148148,0.117792542127815,3.09633446387131,48.6400575682021,43.8786145008143,"S09T06P13",FALSE,508.955123903917,188.648167329092,9,6,"0/05/2023","BRY","acerina","Baw Baw Plateau",146.328103,-37.83555978,"2/13/2024","alive","4","C11","control",7.40000009536743,7.06666660308838,37.3897705078125,437.061462402344,18.3999996185303,-0.5,18.8999996185303,2.36666655540466,12.9666662216187,12.9666662216187,2.18333339691162,1417,157,63,24.8477172851562,453,236,236,435,1353.13391113281
40,7.35618098063578,0.00820631295805957,6.73435723656165e-05,0.0866174052629214,0.00138428231849547,1.91623753729918e-06,2.97819580576063,0.0878997702972241,0.00772636961830476,34.4622595755757,0.0860097532049468,0.00739767764637585,0.00724595071384511,0.958428973413783,7.92241455826521,-712.061946925238,0.964024165815814,11.3,"S12T01P01",14.3635709677419,40.7575,0.0942971720327046,2.84708769289111,48.1807380664139,42.9322992389589,"S12T01P01",FALSE,368.114883809739,135.000686509325,12,1,"5/29/2020","MON","pauciflora","Armidale",151.720225,-30.33013238,"5/13/2024","alive","4","B15","cold",12.0041666030884,11.3416662216187,46.8663902282715,482.952362060547,24.3999996185303,0.200000002980232,24.1999988555908,17.7333335876465,5.80000019073486,17.7333335876465,5.80000019073486,859,118,44,34.826587677002,320,146,320,146,1273.12524414062
41,11.2542013909139,0.0104460200005405,0.000109119333851693,0.0770992482094574,0.00130815514258413,1.71126987706931e-06,2.19911192725606,0.0256780994592702,0.000659364791840171,31.2324887583015,0.0476399291733071,0.00226956285163771,0.00109849385042333,0.897973759982538,11.54761118678,-774.95148270469,0.993682416699634,13.4,"S05T07P02",16.5557,41.7686333333333,0.158615325324434,4.6871896163728,49.8840920514448,42.8386308880058,"S05T07P02",FALSE,NA,NA,5,7,"0/05/2023","BRY","lacrimans","Long Plain",148.5911515,-35.62483876,"5/7/2024","alive","4","D8","cold",8.125,10.9666662216187,44.2204322814941,512.411865234375,21.7999992370605,-3,24.7999992370605,2.51666665077209,14.2833337783813,14.3666667938232,1.75,1159,135,63,22.076099395752,364,213,230,358,1356.31176757812
42,10.5051580899815,0.0315470937783084,0.000995219125857386,0.0858592625280118,0.00562553297376778,3.16466212389486e-05,3.36833480131111,0.105620670242494,0.0111557259824738,32.5188296602357,0.138071134223489,0.0190636381057607,0.0120222430986055,0.824391858032701,11.1141781384067,345.298512571614,0.958452082149972,10.6,"S10T05P03",19.2013666666667,41.962,0.178604854542431,2.64958047991949,48.1046975665651,NA,"S10T05P03",FALSE,468.639535878482,173.570965669525,10,5,"0/05/2026","BRY","hedraia","Falls Creek/Bogong",147.291878,-36.77394442,"5/8/2024","alive","4","C7","control",7.82499980926514,8.73333358764648,38.988094329834,499.365509033203,20.3999996185303,-2,22.3999996185303,1.71666669845581,13.9833335876465,13.9833335876465,1.71666669845581,1377,156,65,25.3785762786865,441,238,238,441,1414.52368164062
43,14.7869339192296,0.0119344993734657,0.000142432275295253,0.0461457037250102,0.00121671715394955,1.4804006327151e-06,2.56491765980346,0.0284305964624092,0.000808298815208357,30.115957612511,0.0525109117762734,0.00275739585557557,0.00102954171521086,0.689617728683351,14.9674607286437,-519.388995664748,0.995836252548561,16.9,"S13T04P02",16.8159642857143,41.6506148148148,0.147231373641539,3.84834651218358,49.207115284209,42.9737150902744,"S13T04P02",FALSE,314.170420516351,115.409114217266,13,4,"7/2/2020","MON","pauciflora","Goulburn",149.4033473,-34.51707128,"5/13/2024","alive","4","A4","control",11.7666664123535,12.2833337783813,46.7046890258789,518.245849609375,26,-0.300000011920929,26.2999992370605,8.38333320617676,15.783332824707,18.216667175293,5.41666698455811,778,80,48,17.20774269104,235,153,179,216,917.8173828125
44,7.36217153508699,0.0316222009400466,0.000999963592292683,0.0504344367778249,0.00631304623444398,3.98545527582273e-05,4.00998343910427,0.150477243807353,0.0226434009038575,34.2039213510772,0.216679064103597,0.0469498168208108,0.0208391901626723,0.639135673856711,7.70957467666637,538.166247651249,0.938016922390642,14,"S14T06P05",19.378,44.8858333333333,0.068466596599229,2.92426703890973,47.9291808505809,42.9119264662337,"S14T06P05",FALSE,401.541366953014,148.271017738722,14,6,"2/14/2021","MON","pauciflora","Kosciuszko",148.627967,-36.182347,"5/8/2024","alive","3","B13","cold",9.76666641235352,12.4833335876465,47.2853507995605,505.745758056641,24.1000003814697,-2.29999995231628,26.3999996185303,9.18333339691162,7,15.966667175293,3.50000023841858,774,81,53,14.0304050445557,232,170,184,182,1100.05798339844
47,51.6433076105765,2.69761359253681,7.27711909463938,0.642486665921348,0.019745398229436,0.000389880751239016,0.802237909565161,0.0110507623800211,0.00012211934917969,31.4144103285419,0.0564967195493981,0.00319187931984335,-4.42808760079949e-05,-0.0709252265819976,17.410523089015,-528.562430024883,0.995526713645334,NA,"S07T03P02",13.6655870967742,37.7446178571429,0.318362970969624,1.65649735847413,43.1741343230841,40.4019552155557,"S07T03P02",FALSE,153.89677753254,53.7096447174692,7,3,"2/17/2024","ZAR + BRY","pauciflora","Namadgi, Mt Franklin Road",148.8036235,-35.37069352,"5/13/2024","alive","3","G8","cold",9.4791669845581,10.6416664123535,43.435375213623,506.173095703125,22.7000007629395,-1.79999995231628,24.5,6,15.6500005722046,15.6500005722046,3.2333333492279,1022,109,63,16.2085990905762,299,208,208,289,1272.49792480469
48,15.9085158184728,0.126665260910153,0.016044088321437,0.209738334211988,0.0050588072584685,2.55915308783336e-05,1.29855552832624,0.0345095980996182,0.00119091236099717,29.7710363081959,0.0684090504201358,0.00467979817938469,0.00211091365078376,0.894163637819253,15.1686120657384,-274.364758018137,0.978840152753092,10.7,"S09T02P012",13.7724407407407,37.9295107142857,0.315413902212778,2.14258991169709,42.8191713093424,40.0905264900417,"S09T02P12",TRUE,438.314205812113,164.09338546085,9,2,"0/05/2023","BRY","acerina","Baw Baw Plateau",146.3437721,-37.87613875,"5/8/2024","alive","3","C13","control",7.38333320617676,6.7000002861023,36.6120223999023,429.822021484375,18.1000003814697,-0.200000002980232,18.3000011444092,2.41666674613953,12.9000005722046,12.9000005722046,2.34999990463257,1441,153,65,23.7971000671387,448,241,241,435,1499.62536621094
49,10.3205042573925,0.0130651975540541,0.00017069938712646,0.182864328799304,0.0017875400869853,3.19529956257941e-06,4.81100778939657,0.176917288144391,0.0312997268443655,37.292583349808,0.0535761688813634,0.00287040587200437,0.0084048954795884,0.886727930900296,13.1592117638021,-210.039816935765,0.987099643807562,6.10000000000001,"S06T01P07",17.1446666666667,40.5719,0.218259526027497,2.41732996885112,45.6005379734964,41.3612125391352,"S06T01P07",FALSE,441.138246290698,164.268371039487,6,1,"2/9/2024","ZAR + BRY","pauciflora","Long Plain",148.6428842,-35.60067096,"5/7/2024","alive","3","F7","control",8.42500019073486,11.6333332061768,45.4427070617676,515.917114257812,22.3999996185303,-3.20000004768372,25.6000003814697,2.81666660308838,12.5,14.6999998092651,2,1077,120,62,18.9415454864502,326,207,221,320,1378.4775390625
50,8.28250402920757,0.00787877704274992,6.20751276893632e-05,0.120035779527447,0.00147154984690582,2.16545895192854e-06,3.74860729969615,0.0401588117280006,0.001612730159405,34.2134774623332,0.0427072082662171,0.00182390563789404,0.00162209718880698,0.945790254930823,9.22210989033929,-624.255777268363,0.99067191942457,8.5,"S13T06P09",17.2325,42.1971333333333,0.178607075808836,1.86299893354536,43.4402904625808,40.6665517875247,"S13T06P09",FALSE,402.775428830496,150.41035616579,13,6,"7/2/2020","MON","pauciflora","Goulburn",149.5468598,-34.36981226,"5/2/2024","alive","1","E9","cold",12,12.7166662216187,47.9874229431152,512.498352050781,26.2999992370605,-0.200000002980232,26.5,8.73333358764648,15.8999996185303,18.3666667938232,5.68333339691162,776,79,55,13.6103963851929,220,165,192,199,861.792175292969
51,12.13212690917,0.0143432627739762,0.000205729187003332,0.0726226976631852,0.0021618880028425,4.67375973683432e-06,3.62861919649381,0.043557043195148,0.00189721601190399,32.629722105245,0.0528740444713968,0.00279566457876324,0.00168968652631852,0.733677530038405,12.7578514974892,-209.301349688882,0.992896920012714,11.4,"S12T09P01",19.6575333333333,42.2278666666667,0.25224505681771,3.30396034359084,46.2755424696664,40.1203777831181,"S12T09P01",FALSE,331.067978419723,122.535683842107,12,9,"5/31/2020","MON","pauciflora","Armidale",151.5323479,-30.55632952,"5/8/2024","alive","3","C16","control",13.3625001907349,13.0416669845581,49.4002532958984,503.474884033203,26.6000003814697,0.200000002980232,26.3999996185303,18.216667175293,10.5166664123535,19.3333339691162,6.88333320617676,779,108,43,33.665454864502,288,135,284,139,1033.09948730469
52,12.1917905829887,0.0100199288938116,0.000100398975037041,0.0296530468578651,0.00166920619501707,2.78624932148338e-06,3.19382357390371,0.042567240381008,0.00181196995365452,31.8305181569736,0.0781580668181528,0.00610868340875084,0.000455228606266302,0.136829657602413,12.3947862965069,-542.872079008019,0.995841925051488,NA,"S05T02P23",21.5718666666667,43.0512333333333,0.199984064493274,NA,NA,39.9112437988524,"S05P02T23",TRUE,448.681632685113,167.281002928156,5,2,"2/9/2024","ZAR + BRY","lacrimans","Long Plain",148.5584052,-35.67097258,"5/2/2024","alive","spare",NA,NA,8.21666622161865,11.5833330154419,45.4248390197754,514.345703125,22.2999992370605,-3.20000004768372,25.5,2.59999990463257,12.283332824707,14.4833335876465,1.81666672229767,1198,140,63,22.9051036834717,380,216,235,373,1345.18884277344
53,12.9195542679284,0.022850507176136,0.000522145678206644,0.105756119356957,0.00256605905782456,6.58465908824348e-06,2.40096855544741,0.0599472912335297,0.00359367772623763,33.6350195876587,0.0989200224645539,0.00978517084438786,0.00564019966981503,0.951131814223702,13.8670787210699,-45.6243902732187,0.962026898290386,11,"S09T06P02",16.24545,42.695,0.157954279503147,1.78872402887975,44.9352314107729,41.6242018431033,"S09T06P02",FALSE,342.171866516377,126.658062739475,9,6,"0/05/2023","BRY","acerina","Baw Baw Plateau",146.328103,-37.83555978,"2/13/2024","alive","3","E5","control",7.40000009536743,7.06666660308838,37.3897705078125,437.061462402344,18.3999996185303,-0.5,18.8999996185303,2.36666655540466,12.9666662216187,12.9666662216187,2.18333339691162,1417,157,63,24.8477172851562,453,236,236,435,1353.13391113281
54,15.5085335421703,0.147325003315395,0.0217046566018812,0.0519567780921469,0.0166720159036633,0.000277956114292001,2.56727169878688,0.457294070352441,0.209117866779503,32.3918188822531,0.759576342779977,0.576956220511004,0.287701019667009,0.828274709935408,15.9562850213056,1365.29588248282,0.440072341911779,15.9,"S06T03P05",18.3010333333333,42.9951333333333,0.294022876872391,3.01950290079559,48.0621122845823,42.7408160743325,"S06T03P05",FALSE,418.892874528324,154.996719943145,6,3,"2/9/2024","ZAR + BRY","pauciflora","Long Plain",148.6627797,-35.60956426,"5/2/2024","alive","3","F14","cold",8.3541669845581,11.3249998092651,44.7628440856934,515.996215820312,22.2000007629395,-3.09999990463257,25.3000011444092,4.94999980926514,12.4333333969116,14.6333332061768,1.93333327770233,1055,117,62,18.2573757171631,318,206,218,310,1311.03161621094
55,16.2574621945135,0.0137083974488481,0.000187920160615585,0.153788728674209,0.00105508783919464,1.1132103484164e-06,2.01486942824502,0.0184084907742758,0.000338872532586597,33.417251268383,0.0297726080077085,0.000886408187580671,0.000521320698126218,0.951195757368598,17.6979878168984,-723.11384472879,0.995930981943342,9.9,"S14T05P05",15.7831777777778,41.4718321428571,0.194877757422917,3.6991246619909,49.8385115965211,42.7087270904982,"S14T05P05",FALSE,675.700648096986,250.784736144449,14,5,"2/14/2021","MON","pauciflora","Kosciuszko",148.616095,-36.185657,"5/7/2024","alive","1","E4","cold",9.20416641235352,11.625,45.5882339477539,503.277709960938,23.1000003814697,-2.40000009536743,25.5,8.56666660308838,13.1499996185303,15.3500003814697,2.96666669845581,926,96,60,13.2931938171387,276,203,210,226,1211.25463867188
56,14.192853768047,0.162685435750747,0.0264665510054104,0.0244772307960193,0.0187314252529695,0.000350866292007584,3.55240656947739,0.561362243847647,0.315127568817665,32.9550237521182,1.1251708711807,1.26600948935354,0.113488957463207,0.179676767835798,14.4482792418678,1464.19650780733,0.598493946367925,NA,"S12T08P03",20.78095,44.4629666666667,0.246342055159795,2.20837491563675,46.1774743589105,43.5890012618821,"S12T08P03",FALSE,281.500359312763,103.380037748441,12,8,"5/30/2020","MON","pauciflora","Armidale",152.3083337,-30.41768867,"5/8/2024","alive","5","D4","cold",11.5541667938232,9.80833339691162,45.1996955871582,445.637725830078,22.3999996185303,0.699999988079071,21.6999988555908,16.8166675567627,6.65000009536743,16.8166675567627,5.81666660308838,1139,164,35,41.956714630127,439,144,439,160,1281.62426757812
57,11.2515386204881,0.00574868449149795,3.30473733827891e-05,0.11296003967503,0.000770570265234352,5.93778533663339e-07,3.65513272209415,0.0340489163903595,0.00115932870735769,35.0633581412585,0.0301604097797062,0.000909650318079796,0.000989769959868791,0.963815121379035,12.5864413230972,-815.981151073157,0.994385824088668,8.9,"S07T05P02",17.1061321428571,41.5215142857143,0.198355341445912,0.056660010303165,42.9632979269103,42.8896501413162,"S07T05P02",FALSE,398.97633045017,146.046975211378,7,5,"2/17/2024","ZAR + BRY","pauciflora","Namadgi, Mt Franklin Road",148.8051036,-35.38599523,"5/1/2024","alive","5","E15","cold",9.19583320617676,10.4083337783813,43.0096435546875,504.463958740234,22.2999992370605,-1.89999997615814,24.1999988555908,5.71666669845581,15.283332824707,15.3500003814697,2.96666669845581,1010,107,64,15.2587127685547,294,210,211,282,1320.54113769531
58,15.3145214006501,0.0248345796597054,0.000616756346874253,0.0650523462209016,0.00285642463578216,8.15916169990326e-06,3.32789916396015,0.111748619005137,0.0124877538495553,33.9275262035868,0.124404460729332,0.0154764698493559,0.0128439059874498,0.923887306423788,16.1617578784,182.991184743151,0.946269427862264,12.7,"S10T09P03",18.6811,41.9078,0.2460445405229,2.34525792634743,45.3876411796344,42.4676668822356,"S10T09P03",FALSE,257.7789851015,93.4270320421406,10,9,"0/05/2023","BRY","hedraia","Falls Creek/Bogong",147.2916716,-36.76091585,"5/13/2024","alive","4","D4","cold",7.36666679382324,8.25,37.6712303161621,500.283264160156,19.7000007629395,-2.20000004768372,21.9000015258789,1.26666665077209,13.5500001907349,13.5500001907349,1.26666665077209,1454,170,70,25.1735324859619,464,251,251,464,1539.9228515625
59,15.1992469024047,0.0293815411721262,0.000863274961649347,0.0596974788024185,0.00323016676068778,1.04339773018522e-05,3.79042160514427,0.116721637738503,0.0136239407163583,34.9294119206791,0.113447205436217,0.0128702684212873,0.0113754115495022,0.859056924821976,16.1228138096079,224.421169745977,0.960235604494505,12.8,"S07T01P13",21.6666,43.0671666666667,0.287411148606603,2.11983083715399,45.2265003791457,42.3989700100882,"S07T01P13",FALSE,270.084739177716,98.451655060625,7,1,"2/17/2024","ZAR + BRY","pauciflora","Namadgi, Mt Franklin Road",148.807368,-35.35601803,"5/7/2024","alive","2","B5","cold",9.70416641235352,10.7416667938232,43.6653099060059,507.598876953125,23,-1.60000002384186,24.6000003814697,6.25,15.8999996185303,15.8999996185303,3.43333315849304,1031,111,63,16.2816963195801,300,208,208,294,1194.67761230469
61,15.2483481053727,0.0159588795583115,0.000254685836756694,0.0977879560958579,0.00128075577843868,1.64033536400408e-06,3.42141261685674,0.0721227629031441,0.00520169292878314,32.1132191803408,0.0587615344361664,0.00345291792929277,0.00407835289759152,0.962319572369846,16.1858127458749,-312.601408931008,0.974873177404137,9.7,"S10T08P06",14.1607,38.3822785714286,0.2297530265056,1.88307338327591,42.8694388172053,39.0839029936115,"S10T08P06",FALSE,349.33568706676,129.584535168815,10,8,"0/05/2023","BRY","hedraia","Falls Creek/Bogong",147.2913688,-36.76286481,"5/7/2024","alive","4","B13","cold",7.38333320617676,8.18333339691162,37.3668174743652,501.07763671875,19.7000007629395,-2.20000004768372,21.9000015258789,1.28333330154419,13.5833330154419,13.5833330154419,1.28333330154419,1467,172,70,25.4845294952393,470,252,252,470,1538.8203125
62,12.1324701134449,0.0468158351660037,0.00219172242229043,0.207322721789121,0.00384747723668121,1.48030810867801e-05,1.70073728399181,0.0562471423241693,0.00316374101963535,33.8395227880999,0.0636259699107275,0.0040482640470808,0.00277440458307012,0.775237754171217,13.4390911661877,-238.652929846493,0.984403729134069,9.40000000000001,"S13T09P16",15.1176935483871,39.7244678571428,0.251206337035602,2.58071194000923,45.4121150161497,40.3029397954569,"S13T09P16",FALSE,299.357747147951,110.422484237159,13,9,"7/2/2020","MON","pauciflora","Goulburn",149.7970744,-34.38220076,"5/14/2024","alive","spare",NA,NA,11.8999996185303,12.25,47.8515625,495.112487792969,25.6000003814697,0,25.6000003814697,17.7000007629395,6.63333320617676,18,5.73333311080933,864,89,65,9.50864696502686,236,199,225,207,859.400085449219
63,7.82169009198651,0.00701762888659933,4.92471151900334e-05,0.115943394994425,0.0011529236452024,1.32923293166679e-06,4.71170762174667,0.114249686690959,0.0130529909089823,35.5113503422625,0.0570418546188917,0.00325377317836278,0.00625887552662532,0.960390066505561,8.896133928039,-679.884167360744,0.976586463196395,7.9,"S06T03P21",14.5949142857143,40.2628407407407,0.104188244728601,3.18932788425276,47.8180374107904,42.4485542822614,"S06T03P21",FALSE,322.322707896065,118.717546815906,6,3,"2/9/2024","ZAR + BRY","pauciflora","Long Plain",148.6627797,-35.60956426,"5/2/2024","alive","spare",NA,NA,8.3541669845581,11.3249998092651,44.7628440856934,515.996215820312,22.2000007629395,-3.09999990463257,25.3000011444092,4.94999980926514,12.4333333969116,14.6333332061768,1.93333327770233,1055,117,62,18.2573757171631,318,206,218,310,1311.03161621094
65,8.81230838939063,0.0116464414079684,0.00013563959746924,0.133693364893421,0.00178722577878467,3.19417598435246e-06,3.2395084571984,0.069732346208623,0.00486260010775925,34.5838389877109,0.070748027882735,0.00500528344929625,0.00474686318886958,0.96218392938016,9.93446827848307,-373.247393815845,0.969308382924666,8.5,"S05T02P07",14.6603,41.3043333333333,0.152873743316115,3.48045510076577,48.5932484768987,NA,"S05T02P09",TRUE,338.76839940141,124.85909890512,5,2,"2/9/2024","ZAR + BRY","lacrimans","Long Plain",148.5584052,-35.67097258,"5/2/2024","alive","spare",NA,NA,8.21666622161865,11.5833330154419,45.4248390197754,514.345703125,22.2999992370605,-3.20000004768372,25.5,2.59999990463257,12.283332824707,14.4833335876465,1.81666672229767,1198,140,63,22.9051036834717,380,216,235,373,1345.18884277344
66,15.4558347318857,0.122444108161265,0.0149925596234077,0.132046763896712,0.00732446132084227,5.36477336405145e-05,1.60588088988112,0.0645707079007612,0.00416937631880542,29.2204704295929,0.152822546947174,0.0233547308554212,0.00912467017278386,0.924685811937765,15.2395789781221,306.81922497799,0.924043137479177,11.7,"S09T02P04",15.3625666666667,40.7434666666667,0.225134098644456,2.98687519824384,47.1607363768043,42.6928531725814,"S09T02P04",FALSE,371.412161878775,137.549565528495,9,2,"0/05/2023","BRY","acerina","Baw Baw Plateau",146.3437721,-37.87613875,"5/8/2024","alive","3","C13","cold",7.38333320617676,6.7000002861023,36.6120223999023,429.822021484375,18.1000003814697,-0.200000002980232,18.3000011444092,2.41666674613953,12.9000005722046,12.9000005722046,2.34999990463257,1441,153,65,23.7971000671387,448,241,241,435,1499.62536621094
67,9.65812371111714,0.0406539790234486,0.001652746010439,0.15004400862833,0.00696692269367154,4.85380118195955e-05,3.31632934931395,0.568510181785605,0.323203826793901,36.9616224254817,0.226316438824427,0.0512191304821708,0.108466960394713,0.843030179434261,11.5500490107489,504.850164129783,0.830596120226204,8.1,"S10T18P03",17.3191666666667,40.3794666666667,0.178645915437052,3.73970042332154,47.9468196641661,42.4365539437583,"S10T18P03",FALSE,383.757367040772,142.271206275131,10,18,"0/05/2023","BRY","niphophila","Falls Creek/Bogong",147.3193627,-36.94187033,"5/6/2024","alive","3","G13","control",6.82499980926514,8.19999980926514,38.317756652832,489.696105957031,19,-2.40000009536743,21.3999996185303,0.866666615009308,12.8999996185303,12.8999996185303,0.866666615009308,1499,183,76,22.973669052124,467,274,274,467,1589.35681152344
68,10.9838552807609,0.00561217776808064,3.14965393005386e-05,0.0692496113178197,0.000821837293720732,6.75416537350216e-07,2.95664080733446,0.0414470510828725,0.00171785804346625,33.3920378303517,0.0463357221681719,0.00214699914884602,0.00184895527052653,0.962757326941226,11.5477604450645,-972.478105942739,0.989803814540822,12.8,"S14T01P03",17.0999333333333,40.6214,0.162475496347541,2.95829126930209,47.4355447912815,42.3151520985207,"S14T01P03",FALSE,356.073818372998,131.542397797028,14,1,"2/13/2021","MON","pauciflora","Kosciuszko",148.659136,-36.195428,"5/2/2024","alive","2","F10","cold",9.35000038146973,12.3999996185303,46.6165428161621,508.044372558594,23.8999996185303,-2.70000004768372,26.6000003814697,8.71666622161865,13.283332824707,15.5833330154419,3.05000019073486,858,89,58,13.3275671005249,257,194,198,203,1208.89929199219
69,10.8543356380138,0.0357660831599913,0.00127921270460742,0.0817249818474209,0.00576767704831253,3.32660985336312e-05,2.85360569215382,0.27597481574295,0.0761620989243553,34.7431108725964,0.287619101408249,0.0827247474948886,0.0761513742573628,0.959379795558907,11.6596404613766,390.377940250845,0.648191231957869,11.9,"S13T08P02",17.9532,41.7475,0.215823238708369,4.70306702440192,48.52402394236,39.1096449411157,"S13T08P02",FALSE,313.364675064144,116.376659179806,13,8,"7/2/2020","MON","pauciflora","Goulburn",149.7442948,-34.34887261,"5/13/2024","alive","3","F2","control",11.6833333969116,12.216667175293,47.5356674194336,501.168334960938,25.5,-0.200000002980232,25.7000007629395,17.5833339691162,8.86666679382324,17.8500003814697,5.4500002861023,868,90,65,9.73541831970215,234,201,225,207,925.079406738281
70,18.2817686734612,0.0270687950692197,0.000732719666499414,0.0514666648779165,0.00255256894225108,6.51560820494479e-06,2.51113720100927,0.035776428734843,0.0012799528530193,29.1532656096136,0.0815969842698704,0.00665806784193748,0.000975261744643315,0.334079705877423,18.4065864143165,29.3425023631843,0.993865448467147,15.8,"S09T01P05",17.9525666666667,42.6200666666667,0.294718747252936,4.66666896819481,48.7598461403002,40.123292321919,"S09T01P05",FALSE,399.89248220066,148.351847288165,9,1,"0/05/2023","BRY","acerina","Baw Baw Plateau",146.345269,-37.88025918,"5/7/2024","alive","4","F9","control",7.38333320617676,6.7000002861023,36.6120223999023,429.822021484375,18.1000003814697,-0.200000002980232,18.3000011444092,2.41666674613953,12.9000005722046,12.9000005722046,2.34999990463257,1441,153,65,23.7971000671387,448,241,241,435,1412.02014160156
71,21.4801926161561,0.131205872240598,0.0172149809104162,0.101990072301595,0.00850502551434652,7.23354589996853e-05,1.63305264126521,0.0533582993702058,0.00284710811168051,28.509139024439,0.121691340934474,0.0148087824584304,0.00340769482027298,0.524806297884236,21.0901434573958,419.992735462486,0.978327778237489,13.1,"S10T08P07",19.5268333333333,42.3876,0.347367965137693,1.0052559015966,40.7265127046756,39.1290735639829,"S10T08P07",FALSE,351.984203642606,131.304060523921,10,8,"0/05/2023","BRY","hedraia","Falls Creek/Bogong",147.2913688,-36.76286481,"5/7/2024","alive","3","G15","control",7.38333320617676,8.18333339691162,37.3668174743652,501.07763671875,19.7000007629395,-2.20000004768372,21.9000015258789,1.28333330154419,13.5833330154419,13.5833330154419,1.28333330154419,1467,172,70,25.4845294952393,470,252,252,470,1538.8203125
72,11.9899356761222,0.0210599462291342,0.000443521335174023,0.011081863978632,0.00321363360152854,1.03274409248733e-05,2.55823757535598,0.0580240945147982,0.00336679554426223,25.7253501048855,0.630993126271114,0.398152325401394,-0.021147597681018,-0.577601137042188,11.9504965879073,-83.4213790722598,0.989191554121554,NA,"S07T04P04",18.5591,42.6566,0.162344660699747,1.51352536591416,44.6770515890381,43.4606493655358,"S07T04P04",FALSE,294.069572381961,108.406670368965,7,4,"2/17/2024","ZAR + BRY","pauciflora","Namadgi, Mt Franklin Road",148.8057254,-35.38062161,"5/13/2024","alive","4","A13","control",9.32916641235352,10.5249996185303,43.1352462768555,505.427185058594,22.5,-1.89999997615814,24.3999996185303,5.86666679382324,15.4166669845581,15.5,3.08333325386047,1020,108,64,15.2901048660278,298,211,212,285,1314.48132324219
